id;date;impressions;reach;engagements;link_clicks;category;channel;type;paid;ad
1;16-01-2019;1015574;518593;1663;1440;Account 1;FB;Carousel;Paid;400
2;25-01-2019;437118;257077;52700;20;Account 1;FB;Photo;Paid;400
3;30-01-2019;959231;589604;8309;78;Account 1;FB;Video;Paid;400
4;30-01-2019;414714;254330;39677;51;Account 1;FB;Photo;Paid;400
5;01-02-2019;445066;254816;49034;37;Account 1;FB;Photo;Paid;400
6;12-02-2019;561948;387017;36816;0;Account 1;FB;Photo;Paid;400
7;22-02-2019;213908;113904;33763;20;Account 1;FB;Photo;Paid;400
8;25-02-2019;522307;302474;40119;95;Account 1;FB;Photo;Paid;400
9;26-02-2019;266247;137116;38601;220;Account 1;FB;Photo;Paid;400
10;18-03-2019;299190;191361;34455;15;Account 1;FB;Photo;Paid;400
11;21-03-2019;342994;216319;34547;40;Account 1;FB;Photo;Paid;400
12;22-03-2019;331063;205045;38288;53;Account 1;FB;Photo;Paid;400
13;23-03-2019;646221;210550;1639;1450;Account 1;FB;Carousel;Paid;400
14;29-03-2019;173009;89988;38534;0;Account 1;FB;Photo;Paid;400
15;12-04-2019;440043;117468;1088;1118;Account 1;FB;Carousel;Paid;400
16;18-04-2019;155567;75434;40848;37;Account 1;FB;Photo;Paid;400
17;17-05-2019;198119;105318;33697;152;Account 1;FB;Photo;Paid;400
18;22-05-2019;845252;529702;1194;2668;Account 1;FB;Carousel;Paid;400
19;03-06-2019;866387;386427;478;2178;Account 1;FB;Carousel;Paid;400
20;26-06-2019;344095;180862;67482;78;Account 1;FB;Photo;Paid;400
21;09-07-2019;251849;134391;57090;73;Account 1;FB;Photo;Paid;400
22;19-07-2019;562452;208869;535;1862;Account 1;FB;Carousel;Paid;400
23;16-08-2019;920941;465011;1544;4717;Account 1;FB;Carousel;Paid;400
24;16-08-2019;305383;136055;52263;29;Account 1;FB;Photo;Paid;400
25;21-08-2019;173717;103171;56522;55;Account 1;FB;Photo;Paid;400
26;18-09-2019;579311;265791;495;2336;Account 1;FB;Carousel;Paid;400
27;24-09-2019;159916;88998;32079;50;Account 1;FB;Photo;Paid;400
28;26-09-2019;193510;75142;25362;33;Account 1;FB;Photo;Paid;400
29;14-10-2019;243329;98019;27781;55;Account 1;FB;Photo;Paid;400
30;28-10-2019;582418;234320;483;2489;Account 1;FB;Carousel;Paid;400
31;29-10-2019;213011;126314;50109;86;Account 1;FB;Photo;Paid;400
32;18-11-2019;2746;2637;20;15;Account 1;FB;Photo;Organic;NA
33;18-11-2019;2746;2637;20;15;Account 1;FB;Photo;Organic;NA
34;21-11-2019;4833;4724;21;73;Account 1;FB;Carousel;Organic;NA
35;22-11-2019;5646;5515;38;20;Account 1;FB;Photo;Organic;NA
36;22-11-2019;5646;5515;38;20;Account 1;FB;Photo;Organic;NA
37;17-12-2019;6636;6564;49;51;Account 1;FB;Photo;Organic;NA
38;20-12-2019;3449;3279;23;71;Account 1;FB;Carousel;Organic;NA
39;27-03-2020;5998;5362;36;8;Account 1;FB;Photo;Organic;NA
40;22-04-2020;10107;9513;74;27;Account 1;FB;Photo;Organic;NA
41;11-05-2020;10294;9428;45;229;Account 1;FB;Carousel;Organic;NA
42;11-05-2020;15650;14272;60;470;Account 1;FB;Carousel;Organic;NA
43;20-05-2020;12640;11815;64;31;Account 1;FB;Photo;Organic;NA
44;18-06-2020;10008;9511;76;23;Account 1;FB;Photo;Organic;NA
45;19-06-2020;9551;8965;90;60;Account 1;FB;Photo;Organic;NA
46;26-07-2020;13203;8329;119;15;Account 1;FB;Video;Organic;NA
47;07-08-2020;12533;11872;84;0;Account 1;FB;Photo;Organic;NA
48;13-08-2020;10852;10642;56;13;Account 1;FB;Photo;Organic;NA
49;21-08-2020;14243;13708;177;100;Account 1;FB;Photo;Organic;NA
50;05-01-2019;574748;158463;922;1242;Account 2;FB;Carousel;Paid;400
51;21-01-2019;761413;372433;768;1513;Account 2;FB;Carousel;Paid;400
52;18-02-2019;873095;565136;61683;281;Account 2;FB;Photo;Paid;400
53;25-02-2019;401451;146801;825;973;Account 2;FB;Carousel;Paid;400
54;13-03-2019;407235;141741;660;1129;Account 2;FB;Carousel;Paid;400
55;26-03-2019;346661;227118;36569;58;Account 2;FB;Photo;Paid;400
56;18-04-2019;310845;150851;44656;60;Account 2;FB;Photo;Paid;400
57;19-04-2019;549346;188085;586;1062;Account 2;FB;Carousel;Paid;400
58;11-05-2019;710628;331675;804;1304;Account 2;FB;Carousel;Paid;400
59;17-05-2019;202586;107440;35674;0;Account 2;FB;Photo;Paid;400
60;21-06-2019;1107296;519924;1273;2334;Account 2;FB;Carousel;Paid;400
61;26-06-2019;166276;79793;36907;58;Account 2;FB;Photo;Paid;400
62;17-07-2019;998895;479263;1013;4308;Account 2;FB;Carousel;Paid;400
63;24-07-2019;288665;138347;47289;82;Account 2;FB;Photo;Paid;400
64;09-08-2019;866829;396843;912;2664;Account 2;FB;Carousel;Paid;400
65;27-08-2019;324218;150373;51737;119;Account 2;FB;Photo;Paid;400
66;29-09-2019;639635;296166;836;2252;Account 2;FB;Carousel;Paid;400
67;28-10-2019;784935;459289;628;3060;Account 2;FB;Carousel;Paid;400
68;31-10-2019;240609;108813;35158;59;Account 2;FB;Photo;Paid;400
69;26-11-2019;5952;5821;23;104;Account 2;FB;Carousel;Organic;NA
70;28-11-2019;3134;3108;22;11;Account 2;FB;Photo;Organic;NA
71;18-12-2019;6366;6107;49;42;Account 2;FB;Photo;Organic;NA
72;23-12-2019;3043;2917;18;20;Account 2;FB;Photo;Organic;NA
73;28-01-2020;3035;2921;46;14;Account 2;FB;Photo;Organic;NA
74;23-03-2020;5749;5206;28;19;Account 2;FB;Photo;Organic;NA
75;18-04-2020;9337;8798;31;39;Account 2;FB;Photo;Organic;NA
76;16-05-2020;6121;5897;28;18;Account 2;FB;Photo;Organic;NA
77;16-05-2020;6486118;5276084;66831;894;Account 2;FB;Photo;Paid;NA
78;29-06-2020;6536;6271;46;25;Account 2;FB;Photo;Organic;NA
79;14-08-2020;10411;10178;68;54;Account 2;FB;Photo;Organic;NA
80;18-08-2020;10680;10158;54;144;Account 2;FB;Carousel;Organic;NA
81;31-01-2019;440142;235652;46900;39;Account 3;FB;Photo;Paid;400
82;21-02-2019;503923;153875;1452;1258;Account 3;FB;Carousel;Paid;400
83;21-03-2019;293669;78877;523;811;Account 3;FB;Carousel;Paid;400
84;25-04-2019;426442;149290;523;1099;Account 3;FB;Carousel;Paid;400
85;23-05-2019;768840;363057;981;1792;Account 3;FB;Carousel;Paid;400
86;17-06-2019;919165;379964;922;2963;Account 3;FB;Carousel;Paid;400
87;16-07-2019;643120;317365;5685;95;Account 3;FB;Video;Paid;400
88;23-08-2019;823508;350744;920;3058;Account 3;FB;Carousel;Paid;400
89;28-09-2019;730867;325407;519;2344;Account 3;FB;Carousel;Paid;400
90;30-10-2019;680889;291661;440;2121;Account 3;FB;Carousel;Paid;400
91;27-11-2019;6500;6240;26;46;Account 3;FB;Photo;Organic;NA
92;19-12-2019;5842;5558;34;39;Account 3;FB;Photo;Organic;NA
93;21-01-2020;6251;6167;29;24;Account 3;FB;Photo;Organic;NA
94;20-02-2020;6516;6591;43;30;Account 3;FB;Photo;Organic;NA
95;22-02-2020;4574;4704;40;15;Account 3;FB;Photo;Organic;NA
96;24-02-2020;7458;7496;71;28;Account 3;FB;Photo;Organic;NA
97;26-02-2020;5494;5529;50;13;Account 3;FB;Photo;Organic;NA
98;29-02-2020;4895;5163;37;9;Account 3;FB;Photo;Organic;NA
99;04-03-2020;6280;6155;36;19;Account 3;FB;Photo;Organic;NA
100;16-03-2020;5446;5288;33;562;Account 3;FB;Photo;Organic;NA
101;20-03-2020;5372;4775;17;48;Account 3;FB;Carousel;Organic;NA
102;31-03-2020;5164;4764;23;15;Account 3;FB;Photo;Organic;NA
103;23-04-2020;8808;8345;43;27;Account 3;FB;Photo;Organic;NA
104;06-05-2020;11871;10908;48;83;Account 3;FB;Photo;Organic;NA
105;12-06-2020;11008;10503;43;21;Account 3;FB;Photo;Organic;NA
106;30-07-2020;8990;8547;110;43;Account 3;FB;Photo;Organic;NA
107;15-08-2020;14059;13531;116;74;Account 3;FB;Photo;Organic;NA
108;17-04-2020;8182;7646;21;10;Account 4;FB;Photo;Organic;NA
109;13-05-2020;12467;11588;27;22;Account 4;FB;Photo;Organic;NA
110;16-06-2020;9952;9589;38;46;Account 4;FB;Carousel;Organic;NA
111;29-07-2020;8001;7621;80;15;Account 4;FB;Photo;Organic;NA
112;01-01-2019;1053511;567731;1575;1662;Account 5;FB;Carousel;Paid;400
113;07-01-2019;790654;332878;788;1481;Account 5;FB;Carousel;Paid;400
114;13-01-2019;951060;442844;1106;1543;Account 5;FB;Carousel;Paid;400
115;18-01-2019;230125;124523;40768;28;Account 5;FB;Photo;Paid;400
116;22-01-2019;331332;180337;51834;0;Account 5;FB;Photo;Paid;400
117;04-02-2019;283055;178891;50616;18;Account 5;FB;Photo;Paid;400
118;11-02-2019;653429;216282;952;1189;Account 5;FB;Carousel;Paid;400
119;14-02-2019;252386;142262;46715;16;Account 5;FB;Photo;Paid;400
120;25-02-2019;573323;248453;2368;1771;Account 5;FB;Carousel;Paid;400
121;25-02-2019;329081;112869;675;728;Account 5;FB;Carousel;Paid;400
122;08-03-2019;489665;385484;26;16;Account 5;FB;Video;Paid;400
123;21-03-2019;378100;102143;931;876;Account 5;FB;Carousel;Paid;400
124;28-03-2019;416123;234240;64866;21;Account 5;FB;Photo;Paid;400
125;29-03-2019;456551;124798;2172;1010;Account 5;FB;Carousel;Paid;400
126;31-03-2019;383328;115357;934;874;Account 5;FB;Carousel;Paid;400
127;05-04-2019;431339;128178;1323;1268;Account 5;FB;Carousel;Paid;400
128;16-04-2019;831028;338467;1370;1246;Account 5;FB;Carousel;Paid;400
129;20-04-2019;268523;145348;49392;24;Account 5;FB;Photo;Paid;400
130;24-04-2019;138858;78825;34251;13;Account 5;FB;Photo;Paid;400
131;30-04-2019;1033763;422167;1568;1887;Account 5;FB;Carousel;Paid;400
132;14-05-2019;185885;97826;42206;17;Account 5;FB;Photo;Paid;400
133;17-05-2019;724994;426972;846;1286;Account 5;FB;Carousel;Paid;400
134;23-05-2019;550773;349474;775;2115;Account 5;FB;Carousel;Paid;400
135;25-05-2019;349782;171104;61247;12;Account 5;FB;Photo;Paid;400
136;27-05-2019;1082809;536986;1210;1713;Account 5;FB;Carousel;Paid;400
137;15-06-2019;1113520;571147;1843;4239;Account 5;FB;Carousel;Paid;400
138;19-06-2019;281048;128795;50749;26;Account 5;FB;Photo;Paid;400
139;27-06-2019;188129;90499;41574;51;Account 5;FB;Photo;Paid;400
140;28-06-2019;1316887;569792;1175;2657;Account 5;FB;Carousel;Paid;400
141;30-06-2019;1500930;789225;4291;6055;Account 5;FB;Carousel;Paid;400
142;15-07-2019;1079036;484813;2768;4795;Account 5;FB;Carousel;Paid;400
143;19-07-2019;291763;139880;43565;27;Account 5;FB;Photo;Paid;400
144;20-07-2019;227548;111782;41524;52;Account 5;FB;Photo;Paid;400
145;21-07-2019;540140;232104;627;2157;Account 5;FB;Carousel;Paid;400
146;22-07-2019;324503;165989;47988;15;Account 5;FB;Photo;Paid;400
147;16-08-2019;491581;195255;594;2288;Account 5;FB;Carousel;Paid;400
148;22-08-2019;611255;317580;1205;2648;Account 5;FB;Carousel;Paid;400
149;27-08-2019;279808;136253;48020;14;Account 5;FB;Photo;Paid;400
150;28-08-2019;817652;304618;735;2645;Account 5;FB;Carousel;Paid;400
151;29-08-2019;311951;163333;50819;34;Account 5;FB;Photo;Paid;400
152;24-09-2019;679933;363573;641;2057;Account 5;FB;Carousel;Paid;400
153;25-09-2019;189585;89335;38488;18;Account 5;FB;Photo;Paid;400
154;26-09-2019;517768;247193;491;1753;Account 5;FB;Carousel;Paid;400
155;27-09-2019;313818;160327;49135;15;Account 5;FB;Photo;Paid;400
156;28-09-2019;832322;388838;930;2448;Account 5;FB;Carousel;Paid;400
157;05-10-2019;292770;127209;47149;35;Account 5;FB;Photo;Paid;400
158;18-10-2019;291680;131494;43374;26;Account 5;FB;Photo;Paid;400
159;27-10-2019;408745;217368;43989;32;Account 5;FB;Photo;Paid;400
160;28-10-2019;275504;138940;36986;33;Account 5;FB;Photo;Paid;400
161;31-10-2019;363325;177072;44415;18;Account 5;FB;Photo;Paid;400
162;21-11-2019;647;649;3;15;Account 5;FB;Carousel;Organic;NA
163;23-11-2019;548;539;3;9;Account 5;FB;Carousel;Organic;NA
164;30-11-2019;362;352;4;7;Account 5;FB;Photo;Organic;NA
165;03-12-2019;1072;1069;6;12;Account 5;FB;Carousel;Organic;NA
166;05-12-2019;1599;1586;31;54;Account 5;FB;Photo;Organic;NA
167;16-12-2019;1338;1374;13;18;Account 5;FB;Carousel;Organic;NA
168;17-12-2019;1463;1452;19;11;Account 5;FB;Photo;Organic;NA
169;19-12-2019;942;928;21;14;Account 5;FB;Photo;Organic;NA
170;22-12-2019;971;980;13;61;Account 5;FB;Carousel;Organic;NA
171;24-12-2019;1745;1737;16;9;Account 5;FB;Photo;Organic;NA
172;27-12-2019;1882;1938;18;10;Account 5;FB;Photo;Organic;NA
173;17-01-2020;1196;1178;24;19;Account 5;FB;Photo;Organic;NA
174;24-01-2020;1958;1972;25;8;Account 5;FB;Photo;Organic;NA
175;27-01-2020;1641;1682;24;26;Account 5;FB;Carousel;Organic;NA
176;30-01-2020;1780;1823;26;13;Account 5;FB;Photo;Organic;NA
177;31-01-2020;1363;1360;27;104;Account 5;FB;Carousel;Organic;NA
178;14-02-2020;3130;3014;20;73;Account 5;FB;Carousel;Organic;NA
179;18-02-2020;2899;2715;28;52;Account 5;FB;Carousel;Organic;NA
180;21-02-2020;2626;2531;32;16;Account 5;FB;Photo;Organic;NA
181;25-02-2020;1225;1202;19;14;Account 5;FB;Photo;Organic;NA
182;27-02-2020;1763;1760;20;6;Account 5;FB;Photo;Organic;NA
183;23-03-2020;1343;1245;5;13;Account 5;FB;Carousel;Organic;NA
184;24-03-2020;842;811;5;4;Account 5;FB;Photo;Organic;NA
185;31-03-2020;928;892;5;3;Account 5;FB;Photo;Organic;NA
186;31-03-2020;287;260;2;2;Account 5;FB;Photo;Organic;NA
187;31-03-2020;987;915;1;3;Account 5;FB;Photo;Organic;NA
188;24-04-2020;481;463;1;8;Account 5;FB;Photo;Organic;NA
189;30-04-2020;2114;2055;2;21;Account 5;FB;Photo;Organic;NA
190;30-04-2020;3080;3058;5;11;Account 5;FB;Photo;Organic;NA
191;30-04-2020;2616;2587;4;40;Account 5;FB;Carousel;Organic;NA
192;30-04-2020;3048;2950;9;25;Account 5;FB;Carousel;Organic;NA
193;19-05-2020;947;907;6;30;Account 5;FB;Photo;Organic;NA
194;19-05-2020;3085;2993;10;801;Account 5;FB;Photo;Organic;NA
195;21-05-2020;2973;2942;5;47;Account 5;FB;Carousel;Organic;NA
196;28-05-2020;3081;3019;24;75;Account 5;FB;Photo;Organic;NA
197;31-05-2020;2218;2172;8;11;Account 5;FB;Photo;Organic;NA
198;24-06-2020;1394;1339;8;9;Account 5;FB;Photo;Organic;NA
199;27-06-2020;1266;1203;9;10;Account 5;FB;Photo;Organic;NA
200;30-06-2020;3357;3216;27;21;Account 5;FB;Photo;Organic;NA
201;30-06-2020;5212;4869;56;16;Account 5;FB;Photo;Organic;NA
202;30-06-2020;963644;873925;50446;136;Account 5;FB;Photo;Paid;NA
203;04-07-2020;5422;5213;53;13;Account 5;FB;Photo;Organic;NA
204;17-07-2020;5072;5003;75;50;Account 5;FB;Photo;Organic;NA
205;06-08-2020;4026;3808;61;0;Account 5;FB;Photo;Organic;NA
206;09-08-2020;3513;3482;52;16;Account 5;FB;Photo;Organic;NA
207;12-08-2020;2543;2474;49;12;Account 5;FB;Photo;Organic;NA
208;14-08-2020;1531;1460;57;4;Account 5;FB;Photo;Organic;NA
209;27-08-2020;1947;1907;60;0;Account 5;FB;Photo;Organic;NA
210;01-01-2019;255610;136030;37447;34;Account 6;FB;Photo;Paid;400
211;10-01-2019;667680;217619;1199;2116;Account 6;FB;Carousel;Paid;400
212;17-01-2019;242678;141668;33161;36;Account 6;FB;Photo;Paid;400
213;22-01-2019;838336;310509;695;1296;Account 6;FB;Carousel;Paid;400
214;05-02-2019;311400;172273;40371;39;Account 6;FB;Photo;Paid;400
215;11-02-2019;753802;273469;1253;978;Account 6;FB;Carousel;Paid;400
216;13-02-2019;833127;307298;1353;1267;Account 6;FB;Carousel;Paid;400
217;18-02-2019;266980;153162;31967;40;Account 6;FB;Photo;Paid;400
218;24-02-2019;520462;145578;1396;1204;Account 6;FB;Carousel;Paid;400
219;11-03-2019;409051;95972;1210;958;Account 6;FB;Carousel;Paid;400
220;14-03-2019;327389;162935;32308;48;Account 6;FB;Photo;Paid;400
221;18-03-2019;179704;95934;33203;30;Account 6;FB;Photo;Paid;400
222;27-03-2019;303296;162061;37948;20;Account 6;FB;Photo;Paid;400
223;31-03-2019;401211;108816;1060;858;Account 6;FB;Carousel;Paid;400
224;09-04-2019;187557;93958;35214;38;Account 6;FB;Photo;Paid;400
225;22-04-2019;167660;82348;33999;21;Account 6;FB;Photo;Paid;400
226;24-04-2019;810159;331101;1954;1946;Account 6;FB;Carousel;Paid;400
227;29-04-2019;965476;361899;1335;1714;Account 6;FB;Carousel;Paid;400
228;13-05-2019;769252;339264;998;1282;Account 6;FB;Carousel;Paid;400
229;20-05-2019;104820;61622;27361;42;Account 6;FB;Photo;Paid;400
230;27-05-2019;1026959;521412;805;2652;Account 6;FB;Carousel;Paid;400
231;28-05-2019;181976;96945;37199;32;Account 6;FB;Photo;Paid;400
232;29-05-2019;1193182;555761;1343;2231;Account 6;FB;Carousel;Paid;400
233;01-06-2019;395536;177547;50928;23;Account 6;FB;Photo;Paid;400
234;18-06-2019;800795;292688;1676;1809;Account 6;FB;Carousel;Paid;400
235;19-06-2019;1095831;558443;1209;2140;Account 6;FB;Carousel;Paid;400
236;25-06-2019;208951;99137;39905;22;Account 6;FB;Photo;Paid;400
237;27-06-2019;1227191;468023;1199;2053;Account 6;FB;Carousel;Paid;400
238;05-07-2019;277110;136453;40753;24;Account 6;FB;Photo;Paid;400
239;11-07-2019;266648;114340;36495;28;Account 6;FB;Photo;Paid;400
240;16-07-2019;802031;302356;807;2061;Account 6;FB;Carousel;Paid;400
241;25-07-2019;814404;301845;797;2382;Account 6;FB;Carousel;Paid;400
242;08-08-2019;550810;249602;625;2304;Account 6;FB;Carousel;Paid;400
243;11-08-2019;167897;89905;37122;29;Account 6;FB;Photo;Paid;400
244;17-08-2019;323525;138106;49945;20;Account 6;FB;Photo;Paid;400
245;26-08-2019;689666;416130;17883;86;Account 6;FB;Video;Paid;400
246;28-08-2019;234265;110160;39437;16;Account 6;FB;Photo;Paid;400
247;11-09-2019;601092;248695;563;2019;Account 6;FB;Carousel;Paid;400
248;13-09-2019;172318;90329;35858;16;Account 6;FB;Photo;Paid;400
249;19-09-2019;193445;97747;33987;19;Account 6;FB;Photo;Paid;400
250;24-09-2019;222928;103990;37073;20;Account 6;FB;Photo;Paid;400
251;30-09-2019;259625;110473;38108;21;Account 6;FB;Photo;Paid;400
252;05-10-2019;212854;102590;36372;33;Account 6;FB;Photo;Paid;400
253;18-10-2019;563441;364896;541;2592;Account 6;FB;Carousel;Paid;400
254;18-10-2019;563441;364896;541;2592;Account 6;FB;Carousel;Paid;400
255;27-10-2019;1013000;557917;731;3731;Account 6;FB;Carousel;Paid;400
256;30-10-2019;189957;123550;46249;14;Account 6;FB;Photo;Paid;400
257;05-11-2019;298321;182083;56075;24;Account 6;FB;Photo;Paid;400
258;19-11-2019;805;781;4;13;Account 6;FB;Photo;Organic;NA
259;25-11-2019;298;290;1;17;Account 6;FB;Photo;Organic;NA
260;28-11-2019;106;94;2;6;Account 6;FB;Video;Organic;NA
261;29-11-2019;358;350;2;7;Account 6;FB;Photo;Organic;NA
262;30-11-2019;317;310;1;7;Account 6;FB;Photo;Organic;NA
263;13-12-2019;1039;1026;2;26;Account 6;FB;Carousel;Organic;NA
264;16-12-2019;299;290;2;6;Account 6;FB;Photo;Organic;NA
265;19-12-2019;1162;1131;7;5;Account 6;FB;Photo;Organic;NA
266;21-12-2019;1171;1124;5;12;Account 6;FB;Carousel;Organic;NA
267;24-12-2019;1062;1018;3;8;Account 6;FB;Photo;Organic;NA
268;28-12-2019;1302;1258;10;8;Account 6;FB;Photo;Organic;NA
269;15-01-2020;1248;1207;12;10;Account 6;FB;Carousel;Organic;NA
270;20-01-2020;1171;1157;6;13;Account 6;FB;Carousel;Organic;NA
271;27-01-2020;1559;1507;14;11;Account 6;FB;Photo;Organic;NA
272;29-01-2020;1280;1236;11;5;Account 6;FB;Photo;Organic;NA
273;31-01-2020;453;455;2;5;Account 6;FB;Photo;Organic;NA
274;14-02-2020;527;524;4;5;Account 6;FB;Photo;Organic;NA
275;17-02-2020;1163;1141;7;6;Account 6;FB;Photo;Organic;NA
276;19-02-2020;1273;1243;11;4;Account 6;FB;Photo;Organic;NA
277;22-02-2020;1388;1364;12;10;Account 6;FB;Photo;Organic;NA
278;27-02-2020;413;409;2;3;Account 6;FB;Photo;Organic;NA
279;10-03-2020;1345;1295;6;5;Account 6;FB;Photo;Organic;NA
280;24-03-2020;1279;1133;4;4;Account 6;FB;Photo;Organic;NA
281;28-03-2020;1197;1061;5;7;Account 6;FB;Photo;Organic;NA
282;31-03-2020;1323;1184;3;3;Account 6;FB;Photo;Organic;NA
283;24-04-2020;1705;1582;8;21;Account 6;FB;Photo;Organic;NA
284;29-04-2020;1705;1582;8;21;Account 6;FB;Photo;Organic;NA
285;30-04-2020;1626;1448;7;23;Account 6;FB;Photo;Organic;NA
286;30-04-2020;482;441;0;14;Account 6;FB;Photo;Organic;NA
287;30-04-2020;482;441;0;14;Account 6;FB;Photo;Organic;NA
288;30-04-2020;885;813;1;23;Account 6;FB;Photo;Organic;NA
289;30-04-2020;885;813;1;23;Account 6;FB;Photo;Organic;NA
290;18-05-2020;2595;2405;12;70;Account 6;FB;Photo;Organic;NA
291;22-05-2020;1931;1432;9;7;Account 6;FB;Video;Organic;NA
292;29-05-2020;1922;1789;9;11;Account 6;FB;Photo;Organic;NA
293;31-05-2020;2121;2006;8;12;Account 6;FB;Photo;Organic;NA
294;31-05-2020;1753;1284;5;5;Account 6;FB;Video;Organic;NA
295;24-06-2020;650;530;0;2;Account 6;FB;Video;Organic;NA
296;30-06-2020;789;727;2;6;Account 6;FB;Photo;Organic;NA
297;14-07-2020;1545;1452;4;10;Account 6;FB;Photo;Organic;NA
298;30-07-2020;847;809;4;11;Account 6;FB;Photo;Organic;NA
299;17-08-2020;1031;974;8;14;Account 6;FB;Photo;Organic;NA
300;29-08-2020;558;525;5;0;Account 6;FB;Photo;Organic;NA
301;04-01-2019;346299;180866;60881;90;Account 7;FB;Photo;Paid;400
302;09-01-2019;1204351;500713;1284;1566;Account 7;FB;Carousel;Paid;400
303;18-01-2019;764147;184427;1701;1785;Account 7;FB;Carousel;Paid;400
304;28-01-2019;1048955;467797;2518;0;Account 7;FB;Carousel;Paid;400
305;06-02-2019;806455;271982;691;1436;Account 7;FB;Carousel;Paid;400
306;11-02-2019;449367;277924;52234;44;Account 7;FB;Photo;Paid;400
307;13-02-2019;448742;261389;48771;28;Account 7;FB;Photo;Paid;400
308;19-02-2019;585274;191526;1491;1312;Account 7;FB;Carousel;Paid;400
309;27-02-2019;182594;97487;38787;28;Account 7;FB;Photo;Paid;400
310;08-03-2019;347019;175862;51501;30;Account 7;FB;Photo;Paid;400
311;21-03-2019;489449;177766;1646;1602;Account 7;FB;Carousel;Paid;400
312;21-03-2019;279947;152819;40223;67;Account 7;FB;Photo;Paid;400
313;28-03-2019;422776;147401;1354;1358;Account 7;FB;Carousel;Paid;400
314;29-03-2019;564915;183815;1775;1056;Account 7;FB;Carousel;Paid;400
315;11-04-2019;368307;234077;73332;38;Account 7;FB;Photo;Paid;400
316;16-04-2019;496762;167111;1250;1541;Account 7;FB;Carousel;Paid;400
317;20-04-2019;191126;113143;57038;27;Account 7;FB;Photo;Paid;400
318;24-04-2019;652862;196884;1573;1195;Account 7;FB;Carousel;Paid;400
319;26-04-2019;1920221;976595;1380;5092;Account 7;FB;Carousel;Paid;400
320;03-05-2019;194306;130479;58714;21;Account 7;FB;Photo;Paid;400
321;13-05-2019;454045;305445;1468;1614;Account 7;FB;Carousel;Paid;400
322;19-05-2019;193728;117573;51837;1047;Account 7;FB;Photo;Paid;400
323;27-05-2019;1315341;822896;1422;3105;Account 7;FB;Carousel;Paid;400
324;28-05-2019;1434481;991595;2745;2365;Account 7;FB;Carousel;Paid;400
325;19-06-2019;1619151;985573;1264;6260;Account 7;FB;Carousel;Paid;400
326;20-06-2019;257181;154721;66906;25;Account 7;FB;Photo;Paid;400
327;24-06-2019;1553590;958149;2888;6735;Account 7;FB;Carousel;Paid;400
328;26-06-2019;1439370;818210;2383;4426;Account 7;FB;Carousel;Paid;400
329;30-06-2019;340783;193846;81208;41;Account 7;FB;Photo;Paid;400
330;10-07-2019;293977;170144;76021;88;Account 7;FB;Photo;Paid;400
331;15-07-2019;1029887;471822;1788;2903;Account 7;FB;Carousel;Paid;400
332;18-07-2019;456511;280528;91412;28;Account 7;FB;Photo;Paid;400
333;19-07-2019;1290315;698775;1307;5070;Account 7;FB;Carousel;Paid;400
334;22-07-2019;570639;316985;701;1915;Account 7;FB;Carousel;Paid;400
335;27-08-2019;1201;921;3;0;Account 7;FB;Video;Organic;NA
336;27-08-2019;1138;892;3;0;Account 7;FB;Video;Organic;NA
337;27-08-2019;1679;1290;6;0;Account 7;FB;Video;Organic;NA
338;27-08-2019;1117;903;2;0;Account 7;FB;Video;Organic;NA
339;27-08-2019;1429;1136;3;0;Account 7;FB;Video;Organic;NA
340;28-08-2019;1551;1238;3;0;Account 7;FB;Video;Organic;NA
341;28-08-2019;1530;1253;3;0;Account 7;FB;Video;Organic;NA
342;28-08-2019;1498;1220;4;0;Account 7;FB;Video;Organic;NA
343;07-09-2019;4279;3299;19;0;Account 7;FB;Photo;Organic;NA
344;24-09-2019;2191;1820;4;0;Account 7;FB;Video;Organic;NA
345;27-09-2019;2214;1943;3;0;Account 7;FB;Video;Organic;NA
346;01-10-2019;2696;2273;3;0;Account 7;FB;Video;Organic;NA
347;07-10-2019;5259;4443;24;0;Account 7;FB;Photo;Organic;NA
348;10-10-2019;2868;2491;6;0;Account 7;FB;Video;Organic;NA
349;13-10-2019;5646;4859;18;0;Account 7;FB;Photo;Organic;NA
350;16-10-2019;3691;3192;16;0;Account 7;FB;Video;Organic;NA
351;21-10-2019;4291;3751;16;0;Account 7;FB;Video;Organic;NA
352;25-10-2019;3724;3450;27;0;Account 7;FB;Video;Organic;NA
353;29-10-2019;3552;3309;8;0;Account 7;FB;Video;Organic;NA
354;03-11-2019;3297;3197;12;0;Account 7;FB;Video;Organic;NA
355;11-11-2019;3098;2950;2;0;Account 7;FB;Video;Organic;NA
356;18-11-2019;3392;3211;10;0;Account 7;FB;Video;Organic;NA
357;27-11-2019;6540;6293;15;0;Account 7;FB;Photo;Organic;NA
358;08-12-2019;3435;3072;8;0;Account 7;FB;Video;Organic;NA
359;11-12-2019;4926;4837;8;0;Account 7;FB;Photo;Organic;NA
360;11-12-2019;4926;4837;8;0;Account 7;FB;Photo;Organic;NA
361;12-12-2019;5586;5480;12;0;Account 7;FB;Photo;Organic;NA
362;10-08-2020;4100;4100;6;0;Account 7;FB;Video;Organic;NA
363;18-08-2020;4000;4100;8;0;Account 7;FB;Video;Organic;NA
364;27-08-2020;3000;3000;20;0;Account 7;FB;Video;Organic;NA
365;16-04-2020;5071;5003;9;11;Account 8;FB;Photo;Organic;NA
366;17-04-2020;8701;8190;34;25;Account 8;FB;Photo;Organic;NA
367;24-05-2020;11564;10809;34;17;Account 8;FB;Photo;Organic;NA
368;10-07-2020;16224;16043;169;36;Account 8;FB;Photo;Organic;NA
369;18-01-2019;121420;86332;20297;0;Account 1;IG;Photo;Paid;350
370;25-01-2019;363558;249078;33600;0;Account 1;IG;Photo;Paid;350
371;01-02-2019;298013;195710;40247;0;Account 1;IG;Photo;Paid;350
372;04-02-2019;1051074;666336;154189;0;Account 1;IG;Video;Paid;350
373;23-03-2019;249265;207507;29713;899;Account 1;IG;Photo;Paid;350
374;29-03-2019;333781;224567;43360;0;Account 1;IG;Photo;Paid;350
375;12-04-2019;319840;215847;25941;664;Account 1;IG;Photo;Paid;350
376;18-04-2019;188803;111964;23300;236;Account 1;IG;Photo;Paid;350
377;17-05-2019;115019;87216;22345;3546;Account 1;IG;Photo;Paid;350
378;21-05-2019;171533;111552;24060;0;Account 1;IG;Photo;Paid;350
379;03-06-2019;184220;135969;20233;311;Account 1;IG;Photo;Paid;350
380;26-06-2019;391315;310014;20268;1090;Account 1;IG;Photo;Paid;350
381;09-07-2019;332997;243871;22088;335;Account 1;IG;Photo;Paid;350
382;11-07-2019;312391;227500;39135;365;Account 1;IG;Photo;Paid;350
383;22-07-2019;96159;72159;15076;234;Account 1;IG;Photo;Paid;350
384;07-08-2019;283826;202145;35817;274;Account 1;IG;Photo;Paid;350
385;10-08-2019;349421;245760;8353;0;Account 1;IG;Photo;Paid;350
386;22-08-2019;790264;518913;197688;0;Account 1;IG;Photo;Paid;350
387;18-09-2019;187482;128481;29241;398;Account 1;IG;Photo;Paid;350
388;24-09-2019;290691;213633;38487;349;Account 1;IG;Photo;Paid;350
389;25-09-2019;171301;104736;7784;0;Account 1;IG;Photo;Paid;350
390;14-10-2019;156679;91616;8024;0;Account 1;IG;Photo;Paid;350
391;28-10-2019;178654;111166;8436;443;Account 1;IG;Photo;Paid;350
392;29-10-2019;160280;102045;16693;0;Account 1;IG;Photo;Paid;350
393;18-11-2019;15458;12616;246;2;Account 1;IG;Photo;Organic;NA
394;21-11-2019;6177;5192;130;0;Account 1;IG;Photo;Organic;NA
395;22-11-2019;8907;7615;146;0;Account 1;IG;Photo;Organic;NA
396;17-12-2019;8838;7891;206;0;Account 1;IG;Photo;Organic;NA
397;20-12-2019;8019;7248;175;0;Account 1;IG;Photo;Organic;NA
398;17-01-2020;6912;6454;417;0;Account 1;IG;Video;Organic;NA
399;07-02-2020;15513;14503;233;215;Account 1;IG;Photo;Organic;NA
400;10-02-2020;15718;14446;249;268;Account 1;IG;Photo;Organic;NA
401;27-03-2020;23827;22347;124;200;Account 1;IG;Photo;Organic;NA
402;19-04-2020;41175;35935;734;0;Account 1;IG;Carousel;Organic;NA
403;20-04-2020;25520;23678;424;846;Account 1;IG;Video;Organic;NA
404;22-04-2020;32334;28404;492;371;Account 1;IG;Photo;Organic;NA
405;11-05-2020;54991;45992;1279;0;Account 1;IG;Carousel;Organic;NA
406;20-05-2020;30247;27174;690;2;Account 1;IG;Photo;Organic;NA
407;18-06-2020;28303;25818;490;221;Account 1;IG;Photo;Organic;NA
408;19-06-2020;43444;38868;799;931;Account 1;IG;Photo;Organic;NA
409;26-07-2020;9623;8935;253;0;Account 1;IG;Video;Organic;NA
410;28-07-2020;13656;12100;434;3;Account 1;IG;Video;Organic;NA
411;07-08-2020;20938;19025;273;0;Account 1;IG;Photo;Organic;NA
412;11-08-2020;40314;35772;479;0;Account 1;IG;Carousel;Organic;NA
413;13-08-2020;16998;15737;169;1;Account 1;IG;Photo;Organic;NA
414;24-08-2020;45104;41016;738;0;Account 1;IG;Photo;Organic;NA
415;05-01-2019;144186;90910;23113;0;Account 2;IG;Photo;Paid;350
416;21-01-2019;135843;92219;23358;0;Account 2;IG;Photo;Paid;350
417;12-02-2019;200809;140346;35399;0;Account 2;IG;Photo;Paid;350
418;26-02-2019;256891;180618;39560;0;Account 2;IG;Photo;Paid;350
419;14-03-2019;241372;167034;43095;0;Account 2;IG;Photo;Paid;350
420;26-03-2019;177593;150040;28396;251;Account 2;IG;Photo;Paid;350
421;18-04-2019;159414;113565;33831;249;Account 2;IG;Photo;Paid;350
422;19-04-2019;198837;148857;37029;179;Account 2;IG;Photo;Paid;350
423;11-05-2019;141700;99180;31664;295;Account 2;IG;Photo;Paid;350
424;17-05-2019;123717;96161;24212;0;Account 2;IG;Photo;Paid;350
425;21-06-2019;218183;168479;34303;365;Account 2;IG;Photo;Paid;350
426;24-06-2019;250882;210496;31114;611;Account 2;IG;Photo;Paid;350
427;17-07-2019;264813;213631;39643;435;Account 2;IG;Photo;Paid;350
428;25-07-2019;222483;163798;36738;241;Account 2;IG;Photo;Paid;350
429;09-08-2019;233851;188224;32051;0;Account 2;IG;Photo;Paid;350
430;27-08-2019;240589;176769;31268;826;Account 2;IG;Photo;Paid;350
431;27-09-2019;626781;446337;160768;1600;Account 2;IG;Video;Paid;350
432;29-09-2019;144870;112224;27692;291;Account 2;IG;Photo;Paid;350
433;28-10-2019;151673;106367;23059;0;Account 2;IG;Photo;Paid;350
434;31-10-2019;271690;162976;34806;0;Account 2;IG;Photo;Paid;350
435;26-11-2019;12408;10263;328;0;Account 2;IG;Photo;Organic;NA
436;28-11-2019;9731;7695;158;0;Account 2;IG;Photo;Organic;NA
437;18-12-2019;5421;4991;146;0;Account 2;IG;Photo;Organic;NA
438;23-12-2019;4606;4053;88;0;Account 2;IG;Photo;Organic;NA
439;28-01-2020;13788;12742;217;507;Account 2;IG;Photo;Organic;NA
440;23-03-2020;13500;12443;111;335;Account 2;IG;Photo;Organic;NA
441;18-04-2020;28069;26516;262;143;Account 2;IG;Photo;Organic;NA
442;16-05-2020;25544;23085;454;0;Account 2;IG;Photo;Organic;NA
443;29-06-2020;17004;15260;331;0;Account 2;IG;Photo;Organic;NA
444;14-08-2020;17441;15465;143;0;Account 2;IG;Photo;Organic;NA
445;18-08-2020;19535;16959;239;0;Account 2;IG;Carousel;Organic;NA
446;29-01-2019;190970;142136;23314;0;Account 3;IG;Photo;Paid;350
447;25-02-2019;204135;124247;32583;0;Account 3;IG;Photo;Paid;350
448;23-03-2019;160887;125654;29319;212;Account 3;IG;Photo;Paid;350
449;25-04-2019;125481;82798;23324;234;Account 3;IG;Photo;Paid;350
450;23-05-2019;146305;100351;28171;272;Account 3;IG;Photo;Paid;350
451;17-06-2019;187232;112703;27689;262;Account 3;IG;Photo;Paid;350
452;26-07-2019;226943;154974;27700;0;Account 3;IG;Photo;Paid;350
453;23-08-2019;273350;180928;33386;212;Account 3;IG;Photo;Paid;350
454;28-09-2019;140497;91328;22278;172;Account 3;IG;Photo;Paid;350
455;30-10-2019;112174;66048;16639;0;Account 3;IG;Photo;Paid;350
456;27-11-2019;7593;6236;183;0;Account 3;IG;Photo;Organic;NA
457;19-12-2019;5230;4645;81;0;Account 3;IG;Photo;Organic;NA
458;21-01-2020;6820;6322;131;0;Account 3;IG;Photo;Organic;NA
459;20-02-2020;11140;10461;202;188;Account 3;IG;Photo;Organic;NA
460;22-02-2020;11355;10490;202;298;Account 3;IG;Photo;Organic;NA
461;24-02-2020;19027;16887;387;343;Account 3;IG;Photo;Organic;NA
462;26-02-2020;12211;11397;186;323;Account 3;IG;Photo;Organic;NA
463;29-02-2020;10250;9582;147;157;Account 3;IG;Photo;Organic;NA
464;04-03-2020;17670;16320;182;1546;Account 3;IG;Photo;Organic;NA
465;16-03-2020;23223;21765;245;4;Account 3;IG;Photo;Organic;NA
466;20-03-2020;22208;21667;130;0;Account 3;IG;Photo;Organic;NA
467;29-03-2020;10856;10256;99;383;Account 3;IG;Video;Organic;NA
468;31-03-2020;13707;13416;103;511;Account 3;IG;Photo;Organic;NA
469;23-04-2020;27399;24961;434;13;Account 3;IG;Photo;Organic;NA
470;06-05-2020;42884;36021;850;13;Account 3;IG;Photo;Organic;NA
471;12-06-2020;16850;15065;242;0;Account 3;IG;Photo;Organic;NA
472;30-07-2020;15176;13996;300;1;Account 3;IG;Photo;Organic;NA
473;15-08-2020;23655;21117;256;1;Account 3;IG;Photo;Organic;NA
474;17-04-2020;24951;23549;267;237;Account 4;IG;Photo;Organic;NA
475;13-05-2020;40493;36294;678;12;Account 4;IG;Photo;Organic;NA
476;16-06-2020;20215;17759;336;0;Account 4;IG;Carousel;Organic;NA
477;29-07-2020;10072;9455;150;0;Account 4;IG;Photo;Organic;NA
478;12-08-2020;15818;14453;120;1;Account 4;IG;Video;Organic;NA
479;02-01-2019;183441;123774;29087;0;Account 5;IG;Photo;Paid;350
480;08-01-2019;363652;205944;42265;0;Account 5;IG;Photo;Paid;350
481;18-01-2019;206214;142719;27464;0;Account 5;IG;Photo;Paid;350
482;21-01-2019;192265;141559;29043;0;Account 5;IG;Photo;Paid;350
483;27-01-2019;155918;105915;21588;0;Account 5;IG;Photo;Paid;350
484;05-02-2019;216329;173755;41341;0;Account 5;IG;Photo;Paid;350
485;12-02-2019;311511;206266;51028;0;Account 5;IG;Photo;Paid;350
486;14-02-2019;301354;193435;48478;0;Account 5;IG;Photo;Paid;350
487;22-02-2019;313910;223530;50158;0;Account 5;IG;Photo;Paid;350
488;26-02-2019;515876;297260;80107;0;Account 5;IG;Photo;Paid;350
489;08-03-2019;1167563;677443;119387;0;Account 5;IG;Video;Paid;350
490;14-03-2019;245191;170221;40912;0;Account 5;IG;Photo;Paid;350
491;22-03-2019;321442;242357;43932;0;Account 5;IG;Photo;Paid;350
492;28-03-2019;469078;335147;77648;25;Account 5;IG;Photo;Paid;350
493;30-03-2019;160834;110077;31491;66;Account 5;IG;Photo;Paid;350
494;05-04-2019;349674;239782;57679;59;Account 5;IG;Photo;Paid;350
495;16-04-2019;371027;249706;54265;23;Account 5;IG;Photo;Paid;350
496;20-04-2019;291722;226045;46224;22;Account 5;IG;Photo;Paid;350
497;24-04-2019;158579;124703;31477;43;Account 5;IG;Photo;Paid;350
498;30-04-2019;223427;163004;38401;179;Account 5;IG;Photo;Paid;350
499;14-05-2019;271223;181597;41866;23;Account 5;IG;Photo;Paid;350
500;20-05-2019;206377;156478;35492;22;Account 5;IG;Photo;Paid;350
501;23-05-2019;228201;185055;42808;25;Account 5;IG;Photo;Paid;350
502;25-05-2019;206381;165120;42483;39;Account 5;IG;Photo;Paid;350
503;27-05-2019;594380;404352;87173;0;Account 5;IG;Photo;Paid;350
504;15-06-2019;421420;296445;68935;19;Account 5;IG;Photo;Paid;350
505;19-06-2019;174728;134625;31743;43;Account 5;IG;Photo;Paid;350
506;27-06-2019;184068;143295;30661;11;Account 5;IG;Photo;Paid;350
507;28-06-2019;271781;223169;28452;0;Account 5;IG;Photo;Paid;350
508;30-06-2019;444641;301824;65684;63;Account 5;IG;Photo;Paid;350
509;15-07-2019;264796;202245;42721;13;Account 5;IG;Photo;Paid;350
510;19-07-2019;178398;145567;33921;12;Account 5;IG;Photo;Paid;350
511;20-07-2019;192873;155167;30859;13;Account 5;IG;Photo;Paid;350
512;21-07-2019;269176;232189;44811;9;Account 5;IG;Photo;Paid;350
513;22-07-2019;358491;283328;50181;359;Account 5;IG;Photo;Paid;350
514;16-08-2019;385467;259007;49609;195;Account 5;IG;Photo;Paid;350
515;22-08-2019;196560;141343;29589;216;Account 5;IG;Photo;Paid;350
516;27-08-2019;155817;118272;23802;73;Account 5;IG;Photo;Paid;350
517;28-08-2019;144499;116288;20802;83;Account 5;IG;Photo;Paid;350
518;29-08-2019;492531;302593;64462;396;Account 5;IG;Photo;Paid;350
519;24-09-2019;171077;135712;26641;15;Account 5;IG;Photo;Paid;350
520;25-09-2019;121487;101154;22178;25;Account 5;IG;Photo;Paid;350
521;26-09-2019;201804;160161;28941;8;Account 5;IG;Photo;Paid;350
522;27-09-2019;441237;295873;47329;16;Account 5;IG;Photo;Paid;350
523;28-09-2019;211975;162912;28499;60;Account 5;IG;Photo;Paid;350
524;05-10-2019;138355;91920;25386;112;Account 5;IG;Photo;Paid;350
525;18-10-2019;173490;112000;27797;93;Account 5;IG;Photo;Paid;350
526;27-10-2019;336326;227643;38340;13;Account 5;IG;Photo;Paid;350
527;28-10-2019;151066;109565;23095;45;Account 5;IG;Photo;Paid;350
528;31-10-2019;256203;178272;32655;102;Account 5;IG;Photo;Paid;350
529;21-11-2019;2659;2063;70;66;Account 5;IG;Photo;Organic;NA
530;23-11-2019;2075;1608;45;145;Account 5;IG;Photo;Organic;NA
531;29-11-2019;4579;3948;80;12;Account 5;IG;Photo;Organic;NA
532;30-11-2019;9318;7578;368;0;Account 5;IG;Photo;Organic;NA
533;30-11-2019;1810;1380;60;19;Account 5;IG;Photo;Organic;NA
534;16-12-2019;1785;1593;53;14;Account 5;IG;Photo;Organic;NA
535;17-12-2019;2118;1902;74;28;Account 5;IG;Photo;Organic;NA
536;19-12-2019;3098;2788;137;7;Account 5;IG;Photo;Organic;NA
537;22-12-2019;1726;1575;64;1;Account 5;IG;Photo;Organic;NA
538;24-12-2019;2028;1900;87;1;Account 5;IG;Photo;Organic;NA
539;27-12-2019;1627;1472;61;2;Account 5;IG;Photo;Organic;NA
540;17-01-2020;1917;1735;80;3;Account 5;IG;Photo;Organic;NA
541;24-01-2020;1587;1491;56;5;Account 5;IG;Photo;Organic;NA
542;27-01-2020;2389;2172;82;3;Account 5;IG;Photo;Organic;NA
543;30-01-2020;1974;1799;69;2;Account 5;IG;Photo;Organic;NA
544;31-01-2020;2247;2044;96;2;Account 5;IG;Photo;Organic;NA
545;14-02-2020;7224;6936;186;4;Account 5;IG;Photo;Organic;NA
546;18-02-2020;4745;4235;100;4;Account 5;IG;Photo;Organic;NA
547;21-02-2020;3469;3173;60;0;Account 5;IG;Photo;Organic;NA
548;25-02-2020;3356;3136;53;1;Account 5;IG;Photo;Organic;NA
549;27-02-2020;4326;4068;117;4;Account 5;IG;Photo;Organic;NA
550;23-03-2020;2735;2594;67;0;Account 5;IG;Photo;Organic;NA
551;24-03-2020;2329;2104;65;4;Account 5;IG;Photo;Organic;NA
552;31-03-2020;1436;1260;53;0;Account 5;IG;Photo;Organic;NA
553;31-03-2020;2936;2652;73;1;Account 5;IG;Photo;Organic;NA
554;31-03-2020;3581;3324;90;6;Account 5;IG;Photo;Organic;NA
555;24-04-2020;6621;6378;128;1;Account 5;IG;Photo;Organic;NA
556;30-04-2020;15117;13865;768;NA;Account 5;IG;Carousel;Organic;NA
557;30-04-2020;10399;10007;144;NA;Account 5;IG;Photo;Organic;NA
558;30-04-2020;12386;11150;244;0;Account 5;IG;Carousel;Organic;NA
559;30-04-2020;12407;11692;153;7;Account 5;IG;Photo;Organic;NA
560;17-05-2020;7650;7351;159;NA;Account 5;IG;Video;Organic;NA
561;19-05-2020;14982;13808;459;NA;Account 5;IG;Photo;Organic;NA
562;21-05-2020;13154;12311;410;NA;Account 5;IG;Carousel;Organic;NA
563;24-05-2020;6476;6209;78;NA;Account 5;IG;Photo;Organic;NA
564;28-05-2020;11213;10460;539;NA;Account 5;IG;Photo;Organic;NA
565;29-05-2020;3071;2835;139;NA;Account 5;IG;Video;Organic;NA
566;31-05-2020;4173;4017;125;NA;Account 5;IG;Photo;Organic;NA
567;24-06-2020;5220;5147;122;NA;Account 5;IG;Photo;Organic;NA
568;27-06-2020;3895;3751;104;NA;Account 5;IG;Carousel;Organic;NA
569;30-06-2020;12796;12444;178;1;Account 5;IG;Photo;Organic;NA
570;30-06-2020;4404;4315;102;NA;Account 5;IG;Photo;Organic;NA
571;04-07-2020;8477;8277;92;3;Account 5;IG;Photo;Organic;NA
572;17-07-2020;22258;20617;600;NA;Account 5;IG;Photo;Organic;NA
573;17-07-2020;7842;7379;129;NA;Account 5;IG;Photo;Organic;NA
574;06-08-2020;7271;7092;198;NA;Account 5;IG;Photo;Organic;NA
575;09-08-2020;4862;4569;188;NA;Account 5;IG;Photo;Organic;NA
576;12-08-2020;5224;4827;188;NA;Account 5;IG;Photo;Organic;NA
577;14-08-2020;4862;4569;188;NA;Account 5;IG;Photo;Organic;NA
578;17-08-2020;3548;3206;161;NA;Account 5;IG;Photo;Organic;NA
579;27-08-2020;8231;7968;227;NA;Account 5;IG;Photo;Organic;NA
580;31-08-2020;14693;13277;1947;NA;Account 5;IG;Photo;Organic;NA
581;01-01-2019;167513;87709;15663;0;Account 6;IG;Photo;Paid;350
582;06-01-2019;102800;58731;12676;0;Account 6;IG;Photo;Paid;350
583;11-01-2019;153519;96928;16821;0;Account 6;IG;Photo;Paid;350
584;18-01-2019;203631;120767;16604;0;Account 6;IG;Photo;Paid;350
585;23-01-2019;141596;98457;12002;0;Account 6;IG;Photo;Paid;350
586;06-02-2019;161013;86621;24098;0;Account 6;IG;Photo;Paid;350
587;14-02-2019;225864;130361;31355;0;Account 6;IG;Photo;Paid;350
588;18-02-2019;196772;114536;27726;0;Account 6;IG;Photo;Paid;350
589;22-02-2019;156175;101785;18279;0;Account 6;IG;Photo;Paid;350
590;25-02-2019;201857;129424;22788;0;Account 6;IG;Photo;Paid;350
591;14-03-2019;175307;103075;20071;0;Account 6;IG;Photo;Paid;350
592;18-03-2019;205812;127166;27584;0;Account 6;IG;Photo;Paid;350
593;27-03-2019;232046;135642;26214;0;Account 6;IG;Photo;Paid;350
594;31-03-2019;151486;99067;20615;0;Account 6;IG;Photo;Paid;350
595;09-04-2019;294627;179729;24181;325;Account 6;IG;Photo;Paid;350
596;17-04-2019;171646;101751;22434;0;Account 6;IG;Photo;Paid;350
597;22-04-2019;179837;116543;25350;0;Account 6;IG;Photo;Paid;350
598;24-04-2019;144965;94447;20694;0;Account 6;IG;Photo;Paid;350
599;29-04-2019;123895;80366;20745;179;Account 6;IG;Photo;Paid;350
600;14-05-2019;171019;101823;25504;215;Account 6;IG;Photo;Paid;350
601;20-05-2019;179833;126368;17496;611;Account 6;IG;Photo;Paid;350
602;27-05-2019;142433;103328;20797;349;Account 6;IG;Photo;Paid;350
603;28-05-2019;193209;148606;20999;268;Account 6;IG;Photo;Paid;350
604;29-05-2019;228401;162433;25409;303;Account 6;IG;Photo;Paid;350
605;01-06-2019;200659;130207;24900;164;Account 6;IG;Photo;Paid;350
606;18-06-2019;224052;153728;26628;291;Account 6;IG;Photo;Paid;350
607;19-06-2019;199645;134785;24897;331;Account 6;IG;Photo;Paid;350
608;25-06-2019;212119;146785;23709;202;Account 6;IG;Photo;Paid;350
609;27-06-2019;204645;138337;20672;151;Account 6;IG;Photo;Paid;350
610;05-07-2019;227856;149854;23769;250;Account 6;IG;Photo;Paid;350
611;11-07-2019;244504;176970;19464;366;Account 6;IG;Photo;Paid;350
612;16-07-2019;192826;140896;17877;260;Account 6;IG;Photo;Paid;350
613;25-07-2019;228348;165790;21912;625;Account 6;IG;Photo;Paid;350
614;29-07-2019;499577;262201;34700;0;Account 6;IG;Photo;Paid;350
615;11-08-2019;278566;185792;30063;209;Account 6;IG;Photo;Paid;350
616;11-08-2019;249088;175872;21589;394;Account 6;IG;Photo;Paid;350
617;17-08-2019;210265;114496;25811;188;Account 6;IG;Photo;Paid;350
618;26-08-2019;576143;356481;115135;731;Account 6;IG;Video;Paid;350
619;28-08-2019;176839;94240;17893;319;Account 6;IG;Photo;Paid;350
620;11-09-2019;145745;91505;19978;125;Account 6;IG;Photo;Paid;350
621;13-09-2019;121977;85984;19176;177;Account 6;IG;Photo;Paid;350
622;19-09-2019;122451;79008;15551;202;Account 6;IG;Photo;Paid;350
623;24-09-2019;137146;85986;17324;213;Account 6;IG;Photo;Paid;350
624;30-09-2019;148233;91568;16145;333;Account 6;IG;Photo;Paid;350
625;05-10-2019;157671;87199;20905;326;Account 6;IG;Photo;Paid;350
626;18-10-2019;169788;125600;32173;48;Account 6;IG;Photo;Paid;350
627;27-10-2019;167579;121788;26173;201;Account 6;IG;Photo;Paid;350
628;30-10-2019;162292;112928;25389;177;Account 6;IG;Photo;Paid;350
629;31-10-2019;161392;113344;23731;266;Account 6;IG;Photo;Paid;350
630;19-11-2019;2731;2167;92;25;Account 6;IG;Photo;Organic;NA
631;25-11-2019;4898;3873;185;36;Account 6;IG;Photo;Organic;NA
632;28-11-2019;2147;1796;61;31;Account 6;IG;Video;Organic;NA
633;29-11-2019;2163;1830;68;10;Account 6;IG;Photo;Organic;NA
634;30-11-2019;1576;1312;48;8;Account 6;IG;Photo;Organic;NA
635;13-12-2019;1858;1472;74;0;Account 6;IG;Carousel;Organic;NA
636;16-12-2019;1646;1524;46;11;Account 6;IG;Photo;Organic;NA
637;21-12-2019;1712;1512;55;7;Account 6;IG;Photo;Organic;NA
638;24-12-2019;1102;979;39;7;Account 6;IG;Photo;Organic;NA
639;28-12-2019;1357;1198;34;25;Account 6;IG;Photo;Organic;NA
640;15-01-2020;1619;1501;48;22;Account 6;IG;Photo;Organic;NA
641;20-01-2020;1424;1284;40;12;Account 6;IG;Photo;Organic;NA
642;27-01-2020;3176;2884;96;16;Account 6;IG;Photo;Organic;NA
643;29-01-2020;1135;1029;38;7;Account 6;IG;Photo;Organic;NA
644;31-01-2020;1653;1491;74;20;Account 6;IG;Photo;Organic;NA
645;14-02-2020;3117;2823;46;103;Account 6;IG;Photo;Organic;NA
646;17-02-2020;4322;3941;83;34;Account 6;IG;Photo;Organic;NA
647;19-02-2020;3807;3578;59;154;Account 6;IG;Photo;Organic;NA
648;22-02-2020;5893;5680;154;1;Account 6;IG;Photo;Organic;NA
649;27-02-2020;2669;2535;66;300;Account 6;IG;Photo;Organic;NA
650;10-03-2020;4969;4616;63;616;Account 6;IG;Photo;Organic;NA
651;24-03-2020;3634;3355;28;145;Account 6;IG;Photo;Organic;NA
652;28-03-2020;5235;5156;98;343;Account 6;IG;Photo;Organic;NA
653;31-03-2020;3253;3028;83;169;Account 6;IG;Photo;Organic;NA
654;24-04-2020;7423;6996;139;800;Account 6;IG;Photo;Organic;NA
655;29-04-2020;7987;7359;209;4;Account 6;IG;Photo;Organic;NA
656;30-04-2020;7778;7296;228;3;Account 6;IG;Photo;Organic;NA
657;30-04-2020;8178;7512;237;6;Account 6;IG;Photo;Organic;NA
658;30-04-2020;5135;4694;173;1;Account 6;IG;Photo;Organic;NA
659;18-05-2020;8705;8082;555;NA;Account 6;IG;Photo;Organic;NA
660;22-05-2020;4368;3860;143;319;Account 6;IG;Video;Organic;NA
661;29-05-2020;4191;4032;122;NA;Account 6;IG;Photo;Organic;NA
662;31-05-2020;2910;2723;119;NA;Account 6;IG;Video;Organic;NA
663;31-05-2020;3947;3789;136;NA;Account 6;IG;Photo;Organic;NA
664;24-06-2020;3056;2888;87;NA;Account 6;IG;Video;Organic;NA
665;30-06-2020;2692;2542;79;NA;Account 6;IG;Photo;Organic;NA
666;10-07-2020;4558;4349;100;NA;Account 6;IG;Photo;Organic;NA
667;14-07-2020;3111;2971;75;NA;Account 6;IG;Photo;Organic;NA
668;23-07-2020;1568;1505;28;NA;Account 6;IG;Video;Organic;NA
669;25-07-2020;3862;3630;85;NA;Account 6;IG;Photo;Organic;NA
670;30-07-2020;6701;5891;676;NA;Account 6;IG;Photo;Organic;NA
671;13-08-2020;1920;1837;88;NA;Account 6;IG;Photo;Organic;NA
672;15-08-2020;2204;2055;79;NA;Account 6;IG;Photo;Organic;NA
673;17-08-2020;2117;1920;85;NA;Account 6;IG;Photo;Organic;NA
674;20-08-2020;3319;2921;110;NA;Account 6;IG;Photo;Organic;NA
675;29-08-2020;7879;7078;1268;NA;Account 6;IG;Photo;Organic;NA
676;04-01-2019;183195;140704;35261;0;Account 7;IG;Photo;Paid;350
677;10-01-2019;201697;151136;36441;0;Account 7;IG;Photo;Paid;350
678;21-01-2019;271114;201695;41078;0;Account 7;IG;Photo;Paid;350
679;27-01-2019;222887;139610;26230;0;Account 7;IG;Photo;Paid;350
680;28-01-2019;170107;114559;25180;0;Account 7;IG;Photo;Paid;350
681;06-02-2019;222513;183131;41395;0;Account 7;IG;Photo;Paid;350
682;11-02-2019;195163;146007;37196;0;Account 7;IG;Photo;Paid;350
683;14-02-2019;310610;213111;44274;0;Account 7;IG;Photo;Paid;350
684;20-02-2019;359529;230188;54157;0;Account 7;IG;Photo;Paid;350
685;28-02-2019;164367;116427;31733;0;Account 7;IG;Photo;Paid;350
686;08-03-2019;218009;145821;41540;0;Account 7;IG;Photo;Paid;350
687;19-03-2019;86940;70031;22330;0;Account 7;IG;Photo;Paid;350
688;20-03-2019;166440;130302;30813;0;Account 7;IG;Photo;Paid;350
689;28-03-2019;136995;103640;26470;41;Account 7;IG;Photo;Paid;350
690;29-03-2019;407871;282860;55700;331;Account 7;IG;Photo;Paid;350
691;11-04-2019;243070;204613;49756;148;Account 7;IG;Photo;Paid;350
692;16-04-2019;229249;194093;46455;2;Account 7;IG;Photo;Paid;350
693;20-04-2019;221584;177427;47573;98;Account 7;IG;Photo;Paid;350
694;24-04-2019;372066;297340;56505;388;Account 7;IG;Photo;Paid;350
695;03-05-2019;206546;163194;44334;275;Account 7;IG;Photo;Paid;350
696;13-05-2019;138124;115832;36677;149;Account 7;IG;Photo;Paid;350
697;27-05-2019;286396;242877;60378;42;Account 7;IG;Photo;Paid;350
698;29-05-2019;515589;417600;82594;0;Account 7;IG;Photo;Paid;350
699;18-06-2019;241741;198338;48365;41;Account 7;IG;Photo;Paid;350
700;20-06-2019;128224;109409;30287;83;Account 7;IG;Photo;Paid;350
701;24-06-2019;226480;196096;33885;0;Account 7;IG;Photo;Paid;350
702;16-07-2019;273539;235199;44844;33;Account 7;IG;Photo;Paid;350
703;18-07-2019;281304;248063;46197;9;Account 7;IG;Photo;Paid;350
704;19-07-2019;312110;269055;44963;70;Account 7;IG;Photo;Paid;350
705;02-08-2019;15258;11421;223;0;Account 7;IG;Photo;Organic;NA
706;03-08-2019;25701;25224;7585;0;Account 7;IG;Photo;Organic;NA
707;06-08-2019;20950;17497;288;0;Account 7;IG;Photo;Organic;NA
708;27-08-2019;7631;6402;62;0;Account 7;IG;Video;Organic;NA
709;27-08-2019;6583;5912;486;0;Account 7;IG;Video;Organic;NA
710;27-08-2019;7312;6407;789;0;Account 7;IG;Video;Organic;NA
711;28-08-2019;6923;6129;584;0;Account 7;IG;Video;Organic;NA
712;28-08-2019;10350;9303;1297;0;Account 7;IG;Video;Organic;NA
713;28-08-2019;9441;8304;1053;0;Account 7;IG;Video;Organic;NA
714;28-08-2019;10382;9111;1484;0;Account 7;IG;Video;Organic;NA
715;28-08-2019;13536;11423;122;0;Account 7;IG;Photo;Organic;NA
716;29-08-2019;14827;12871;2468;0;Account 7;IG;Video;Organic;NA
717;30-08-2019;32488;24051;296;0;Account 7;IG;Photo;Organic;NA
718;01-09-2019;39189;25567;1317;0;Account 7;IG;Photo;Organic;NA
719;08-09-2019;41220;30846;519;0;Account 7;IG;Photo;Organic;NA
720;25-09-2019;16277;12783;3109;0;Account 7;IG;Video;Organic;NA
721;27-09-2019;11076;8471;1926;0;Account 7;IG;Video;Organic;NA
722;01-10-2019;18935;14571;4383;0;Account 7;IG;Video;Organic;NA
723;02-10-2019;38743;28837;395;0;Account 7;IG;Photo;Organic;NA
724;02-10-2019;38028;28696;347;0;Account 7;IG;Photo;Organic;NA
725;07-10-2019;44537;36450;334;0;Account 7;IG;Photo;Organic;NA
726;07-10-2019;24656;17762;318;0;Account 7;IG;Photo;Organic;NA
727;10-10-2019;10924;8676;2492;0;Account 7;IG;Video;Organic;NA
728;14-10-2019;23326;18038;170;0;Account 7;IG;Photo;Organic;NA
729;16-10-2019;21352;15843;6674;0;Account 7;IG;Video;Organic;NA
730;21-10-2019;21053;16085;4946;0;Account 7;IG;Video;Organic;NA
731;25-10-2019;24148;18409;9985;0;Account 7;IG;Video;Organic;NA
732;29-10-2019;11555;9448;4648;0;Account 7;IG;Video;Organic;NA
733;03-11-2019;13012;9763;4006;0;Account 7;IG;Video;Organic;NA
734;11-11-2019;14892;12376;94;0;Account 7;IG;Photo;Organic;NA
735;12-11-2019;7828;6507;3433;0;Account 7;IG;Video;Organic;NA
736;19-11-2019;9120;8070;3580;0;Account 7;IG;Video;Organic;NA
737;27-11-2019;17491;15148;147;0;Account 7;IG;Photo;Organic;NA
738;29-11-2019;7698;5973;94;0;Account 7;IG;Photo;Organic;NA
739;09-12-2019;7245;6602;3776;0;Account 7;IG;Video;Organic;NA
740;11-12-2019;13715;12486;65;0;Account 7;IG;Photo;Organic;NA
741;13-12-2019;14320;12864;132;0;Account 7;IG;Photo;Organic;NA
742;20-12-2019;11675;10638;165;0;Account 7;IG;Photo;Organic;NA
743;26-12-2019;11149;10227;137;0;Account 7;IG;Photo;Organic;NA
744;10-08-2020;7485;6879;135;NA;Account 7;IG;Video;Organic;NA
745;18-08-2020;11638;10605;186;NA;Account 7;IG;Video;Organic;NA
746;27-08-2020;18219;17055;301;NA;Account 7;IG;Video;Organic;NA
747;16-04-2020;18018;17120;156;87;Account 8;IG;Photo;Organic;NA
748;17-04-2020;26170;24753;276;80;Account 8;IG;Photo;Organic;NA
749;24-05-2020;13675;12649;318;1;Account 8;IG;Photo;Organic;NA
750;10-07-2020;14981;14018;316;221;Account 8;IG;Photo;Organic;NA
751;12-07-2020;10159;9483;242;945;Account 8;IG;Video;Organic;NA
